title,company,location,summary,link,text
Software Engineer 0,Tech Corp,Hong Kong,Full stack role...,https://hk.jobsdb.com,Python React SQL
Software Engineer 1,Tech Corp,Hong Kong,Full stack role...,https://hk.jobsdb.com,Python React SQL
Software Engineer 2,Tech Corp,Hong Kong,Full stack role...,https://hk.jobsdb.com,Python React SQL
Software Engineer 3,Tech Corp,Hong Kong,Full stack role...,https://hk.jobsdb.com,Python React SQL
Software Engineer 4,Tech Corp,Hong Kong,Full stack role...,https://hk.jobsdb.com,Python React SQL
Software Engineer 5,Tech Corp,Hong Kong,Full stack role...,https://hk.jobsdb.com,Python React SQL
Software Engineer 6,Tech Corp,Hong Kong,Full stack role...,https://hk.jobsdb.com,Python React SQL
Software Engineer 7,Tech Corp,Hong Kong,Full stack role...,https://hk.jobsdb.com,Python React SQL
Software Engineer 8,Tech Corp,Hong Kong,Full stack role...,https://hk.jobsdb.com,Python React SQL
Software Engineer 9,Tech Corp,Hong Kong,Full stack role...,https://hk.jobsdb.com,Python React SQL
Software Engineer 10,Tech Corp,Hong Kong,Full stack role...,https://hk.jobsdb.com,Python React SQL
Software Engineer 11,Tech Corp,Hong Kong,Full stack role...,https://hk.jobsdb.com,Python React SQL
Software Engineer 12,Tech Corp,Hong Kong,Full stack role...,https://hk.jobsdb.com,Python React SQL
Software Engineer 13,Tech Corp,Hong Kong,Full stack role...,https://hk.jobsdb.com,Python React SQL
Software Engineer 14,Tech Corp,Hong Kong,Full stack role...,https://hk.jobsdb.com,Python React SQL
Software Engineer 15,Tech Corp,Hong Kong,Full stack role...,https://hk.jobsdb.com,Python React SQL
Software Engineer 16,Tech Corp,Hong Kong,Full stack role...,https://hk.jobsdb.com,Python React SQL
Software Engineer 17,Tech Corp,Hong Kong,Full stack role...,https://hk.jobsdb.com,Python React SQL
Software Engineer 18,Tech Corp,Hong Kong,Full stack role...,https://hk.jobsdb.com,Python React SQL
Software Engineer 19,Tech Corp,Hong Kong,Full stack role...,https://hk.jobsdb.com,Python React SQL
Software Engineer 20,Tech Corp,Hong Kong,Full stack role...,https://hk.jobsdb.com,Python React SQL
Software Engineer 21,Tech Corp,Hong Kong,Full stack role...,https://hk.jobsdb.com,Python React SQL
Software Engineer 22,Tech Corp,Hong Kong,Full stack role...,https://hk.jobsdb.com,Python React SQL
Software Engineer 23,Tech Corp,Hong Kong,Full stack role...,https://hk.jobsdb.com,Python React SQL
Software Engineer 24,Tech Corp,Hong Kong,Full stack role...,https://hk.jobsdb.com,Python React SQL
Software Engineer 25,Tech Corp,Hong Kong,Full stack role...,https://hk.jobsdb.com,Python React SQL
Software Engineer 26,Tech Corp,Hong Kong,Full stack role...,https://hk.jobsdb.com,Python React SQL
Software Engineer 27,Tech Corp,Hong Kong,Full stack role...,https://hk.jobsdb.com,Python React SQL
Software Engineer 28,Tech Corp,Hong Kong,Full stack role...,https://hk.jobsdb.com,Python React SQL
Software Engineer 29,Tech Corp,Hong Kong,Full stack role...,https://hk.jobsdb.com,Python React SQL
Software Engineer 30,Tech Corp,Hong Kong,Full stack role...,https://hk.jobsdb.com,Python React SQL
Software Engineer 31,Tech Corp,Hong Kong,Full stack role...,https://hk.jobsdb.com,Python React SQL
Software Engineer 32,Tech Corp,Hong Kong,Full stack role...,https://hk.jobsdb.com,Python React SQL
Software Engineer 33,Tech Corp,Hong Kong,Full stack role...,https://hk.jobsdb.com,Python React SQL
Software Engineer 34,Tech Corp,Hong Kong,Full stack role...,https://hk.jobsdb.com,Python React SQL
Software Engineer 35,Tech Corp,Hong Kong,Full stack role...,https://hk.jobsdb.com,Python React SQL
Software Engineer 36,Tech Corp,Hong Kong,Full stack role...,https://hk.jobsdb.com,Python React SQL
Software Engineer 37,Tech Corp,Hong Kong,Full stack role...,https://hk.jobsdb.com,Python React SQL
Software Engineer 38,Tech Corp,Hong Kong,Full stack role...,https://hk.jobsdb.com,Python React SQL
Software Engineer 39,Tech Corp,Hong Kong,Full stack role...,https://hk.jobsdb.com,Python React SQL
Software Engineer 40,Tech Corp,Hong Kong,Full stack role...,https://hk.jobsdb.com,Python React SQL
Software Engineer 41,Tech Corp,Hong Kong,Full stack role...,https://hk.jobsdb.com,Python React SQL
Software Engineer 42,Tech Corp,Hong Kong,Full stack role...,https://hk.jobsdb.com,Python React SQL
Software Engineer 43,Tech Corp,Hong Kong,Full stack role...,https://hk.jobsdb.com,Python React SQL
Software Engineer 44,Tech Corp,Hong Kong,Full stack role...,https://hk.jobsdb.com,Python React SQL
Software Engineer 45,Tech Corp,Hong Kong,Full stack role...,https://hk.jobsdb.com,Python React SQL
Software Engineer 46,Tech Corp,Hong Kong,Full stack role...,https://hk.jobsdb.com,Python React SQL
Software Engineer 47,Tech Corp,Hong Kong,Full stack role...,https://hk.jobsdb.com,Python React SQL
Software Engineer 48,Tech Corp,Hong Kong,Full stack role...,https://hk.jobsdb.com,Python React SQL
Software Engineer 49,Tech Corp,Hong Kong,Full stack role...,https://hk.jobsdb.com,Python React SQL
