name,title,summary,link,text
Mentor 0,Senior Dev,10 years exp...,https://linkedin.com,Cloud AI Mentorship
Mentor 1,Senior Dev,10 years exp...,https://linkedin.com,Cloud AI Mentorship
Mentor 2,Senior Dev,10 years exp...,https://linkedin.com,Cloud AI Mentorship
Mentor 3,Senior Dev,10 years exp...,https://linkedin.com,Cloud AI Mentorship
Mentor 4,Senior Dev,10 years exp...,https://linkedin.com,Cloud AI Mentorship
Mentor 5,Senior Dev,10 years exp...,https://linkedin.com,Cloud AI Mentorship
Mentor 6,Senior Dev,10 years exp...,https://linkedin.com,Cloud AI Mentorship
Mentor 7,Senior Dev,10 years exp...,https://linkedin.com,Cloud AI Mentorship
Mentor 8,Senior Dev,10 years exp...,https://linkedin.com,Cloud AI Mentorship
Mentor 9,Senior Dev,10 years exp...,https://linkedin.com,Cloud AI Mentorship
Mentor 10,Senior Dev,10 years exp...,https://linkedin.com,Cloud AI Mentorship
Mentor 11,Senior Dev,10 years exp...,https://linkedin.com,Cloud AI Mentorship
Mentor 12,Senior Dev,10 years exp...,https://linkedin.com,Cloud AI Mentorship
Mentor 13,Senior Dev,10 years exp...,https://linkedin.com,Cloud AI Mentorship
Mentor 14,Senior Dev,10 years exp...,https://linkedin.com,Cloud AI Mentorship
Mentor 15,Senior Dev,10 years exp...,https://linkedin.com,Cloud AI Mentorship
Mentor 16,Senior Dev,10 years exp...,https://linkedin.com,Cloud AI Mentorship
Mentor 17,Senior Dev,10 years exp...,https://linkedin.com,Cloud AI Mentorship
Mentor 18,Senior Dev,10 years exp...,https://linkedin.com,Cloud AI Mentorship
Mentor 19,Senior Dev,10 years exp...,https://linkedin.com,Cloud AI Mentorship
Mentor 20,Senior Dev,10 years exp...,https://linkedin.com,Cloud AI Mentorship
Mentor 21,Senior Dev,10 years exp...,https://linkedin.com,Cloud AI Mentorship
Mentor 22,Senior Dev,10 years exp...,https://linkedin.com,Cloud AI Mentorship
Mentor 23,Senior Dev,10 years exp...,https://linkedin.com,Cloud AI Mentorship
Mentor 24,Senior Dev,10 years exp...,https://linkedin.com,Cloud AI Mentorship
Mentor 25,Senior Dev,10 years exp...,https://linkedin.com,Cloud AI Mentorship
Mentor 26,Senior Dev,10 years exp...,https://linkedin.com,Cloud AI Mentorship
Mentor 27,Senior Dev,10 years exp...,https://linkedin.com,Cloud AI Mentorship
Mentor 28,Senior Dev,10 years exp...,https://linkedin.com,Cloud AI Mentorship
Mentor 29,Senior Dev,10 years exp...,https://linkedin.com,Cloud AI Mentorship
Mentor 30,Senior Dev,10 years exp...,https://linkedin.com,Cloud AI Mentorship
Mentor 31,Senior Dev,10 years exp...,https://linkedin.com,Cloud AI Mentorship
Mentor 32,Senior Dev,10 years exp...,https://linkedin.com,Cloud AI Mentorship
Mentor 33,Senior Dev,10 years exp...,https://linkedin.com,Cloud AI Mentorship
Mentor 34,Senior Dev,10 years exp...,https://linkedin.com,Cloud AI Mentorship
Mentor 35,Senior Dev,10 years exp...,https://linkedin.com,Cloud AI Mentorship
Mentor 36,Senior Dev,10 years exp...,https://linkedin.com,Cloud AI Mentorship
Mentor 37,Senior Dev,10 years exp...,https://linkedin.com,Cloud AI Mentorship
Mentor 38,Senior Dev,10 years exp...,https://linkedin.com,Cloud AI Mentorship
Mentor 39,Senior Dev,10 years exp...,https://linkedin.com,Cloud AI Mentorship
Mentor 40,Senior Dev,10 years exp...,https://linkedin.com,Cloud AI Mentorship
Mentor 41,Senior Dev,10 years exp...,https://linkedin.com,Cloud AI Mentorship
Mentor 42,Senior Dev,10 years exp...,https://linkedin.com,Cloud AI Mentorship
Mentor 43,Senior Dev,10 years exp...,https://linkedin.com,Cloud AI Mentorship
Mentor 44,Senior Dev,10 years exp...,https://linkedin.com,Cloud AI Mentorship
Mentor 45,Senior Dev,10 years exp...,https://linkedin.com,Cloud AI Mentorship
Mentor 46,Senior Dev,10 years exp...,https://linkedin.com,Cloud AI Mentorship
Mentor 47,Senior Dev,10 years exp...,https://linkedin.com,Cloud AI Mentorship
Mentor 48,Senior Dev,10 years exp...,https://linkedin.com,Cloud AI Mentorship
Mentor 49,Senior Dev,10 years exp...,https://linkedin.com,Cloud AI Mentorship
